what,kind,bundleId,bundleVersion,description,time
stopped,bundle,org.eclipse.jst.ws.axis.creation.ui,1.0.700.v201104070312,"org.eclipse.jst.ws.axis.creation.ui",1323607069815
activated,perspective,org.eclipse.jdt.ui,,"org.eclipse.jdt.ui.JavaPerspective",1323607235604
started,bundle,org.eclipse.osgi,3.7.1.R37x_v20110808-1106,"org.eclipse.osgi",1323607235605
started,bundle,org.eclipse.equinox.simpleconfigurator,1.0.200.v20110502-1955,"org.eclipse.equinox.simpleconfigurator",1323607235634
started,bundle,com.ibm.icu,4.4.2.v20110208,"com.ibm.icu",1323607235635
started,bundle,org.eclipse.core.contenttype,3.4.100.v20110423-0524,"org.eclipse.core.contenttype",1323607235636
started,bundle,org.eclipse.core.databinding.observable,1.4.0.I20110222-0800,"org.eclipse.core.databinding.observable",1323607235637
started,bundle,org.eclipse.core.expressions,3.4.300.v20110228,"org.eclipse.core.expressions",1323607235639
started,bundle,org.eclipse.core.filebuffers,3.5.200.v20110505-0800,"org.eclipse.core.filebuffers",1323607235640
started,bundle,org.eclipse.core.filesystem,1.3.100.v20110423-0524,"org.eclipse.core.filesystem",1323607235646
started,bundle,org.eclipse.core.jobs,3.5.100.v20110404,"org.eclipse.core.jobs",1323607235649
started,bundle,org.eclipse.core.net,1.2.100.I20110511-0800,"org.eclipse.core.net",1323607235650
started,bundle,org.eclipse.core.resources,3.7.100.v20110510-0712,"org.eclipse.core.resources",1323607235652
started,bundle,org.eclipse.core.runtime,3.7.0.v20110110,"org.eclipse.core.runtime",1323607235652
started,bundle,org.eclipse.core.runtime.compatibility,3.2.100.v20100505,"org.eclipse.core.runtime.compatibility",1323607235653
started,bundle,org.eclipse.core.runtime.compatibility.auth,3.2.200.v20110110,"org.eclipse.core.runtime.compatibility.auth",1323607235654
started,bundle,org.eclipse.debug.core,3.7.0.v20110518,"org.eclipse.debug.core",1323607235655
started,bundle,org.eclipse.emf.common,2.7.0.v20110912-0920,"org.eclipse.emf.common",1323607235655
started,bundle,org.eclipse.emf.ecore,2.7.0.v20110912-0920,"org.eclipse.emf.ecore",1323607235655
started,bundle,org.eclipse.emf.ecore.xmi,2.7.0.v20110520-1406,"org.eclipse.emf.ecore.xmi",1323607235656
started,bundle,org.eclipse.epp.mpc.ui,1.1.1.I20110907-0947,"org.eclipse.epp.mpc.ui",1323607235656
started,bundle,org.eclipse.epp.usagedata.gathering,1.3.1.R201106061540,"org.eclipse.epp.usagedata.gathering",1323607235657
started,bundle,org.eclipse.epp.usagedata.recording,1.3.1.R201106061540,"org.eclipse.epp.usagedata.recording",1323607235658
started,bundle,org.eclipse.equinox.app,1.3.100.v20110321,"org.eclipse.equinox.app",1323607235660
started,bundle,org.eclipse.equinox.common,3.6.0.v20110523,"org.eclipse.equinox.common",1323607235660
started,bundle,org.eclipse.equinox.ds,1.3.1.R37x_v20110701,"org.eclipse.equinox.ds",1323607235661
started,bundle,org.eclipse.equinox.event,1.2.100.v20110502,"org.eclipse.equinox.event",1323607235662
started,bundle,org.eclipse.equinox.frameworkadmin,2.0.0.v20110502-1955,"org.eclipse.equinox.frameworkadmin",1323607235662
started,bundle,org.eclipse.equinox.frameworkadmin.equinox,1.0.300.v20110506,"org.eclipse.equinox.frameworkadmin.equinox",1323607235702
started,bundle,org.eclipse.equinox.p2.artifact.repository,1.1.101.R37x_v20110714,"org.eclipse.equinox.p2.artifact.repository",1323607235755
started,bundle,org.eclipse.equinox.p2.core,2.1.0.v20110502-1955,"org.eclipse.equinox.p2.core",1323607235757
started,bundle,org.eclipse.equinox.p2.director,2.1.0.v20110504-1715,"org.eclipse.equinox.p2.director",1323607235758
started,bundle,org.eclipse.equinox.p2.directorywatcher,1.0.300.v20110502-1955,"org.eclipse.equinox.p2.directorywatcher",1323607235760
started,bundle,org.eclipse.equinox.p2.engine,2.1.0.v20110511,"org.eclipse.equinox.p2.engine",1323607235761
started,bundle,org.eclipse.equinox.p2.extensionlocation,1.2.100.v20110510,"org.eclipse.equinox.p2.extensionlocation",1323607235764
started,bundle,org.eclipse.equinox.p2.garbagecollector,1.0.200.v20110510,"org.eclipse.equinox.p2.garbagecollector",1323607235777
started,bundle,org.eclipse.equinox.p2.metadata,2.1.0.v20110510,"org.eclipse.equinox.p2.metadata",1323607235778
started,bundle,org.eclipse.equinox.p2.metadata.repository,1.2.0.v20110511-1359,"org.eclipse.equinox.p2.metadata.repository",1323607235779
started,bundle,org.eclipse.equinox.p2.operations,2.1.0.v20110511-1821,"org.eclipse.equinox.p2.operations",1323607235780
started,bundle,org.eclipse.equinox.p2.publisher,1.2.0.v20110511,"org.eclipse.equinox.p2.publisher",1323607235798
started,bundle,org.eclipse.equinox.p2.publisher.eclipse,1.0.0.v20110511,"org.eclipse.equinox.p2.publisher.eclipse",1323607235817
started,bundle,org.eclipse.equinox.p2.reconciler.dropins,1.1.100.v20110510,"org.eclipse.equinox.p2.reconciler.dropins",1323607235818
started,bundle,org.eclipse.equinox.p2.repository,2.1.0.v20110601,"org.eclipse.equinox.p2.repository",1323607235820
started,bundle,org.eclipse.equinox.p2.touchpoint.eclipse,2.1.1.R37x_v20110815-0935,"org.eclipse.equinox.p2.touchpoint.eclipse",1323607235821
started,bundle,org.eclipse.equinox.p2.ui.sdk.scheduler,1.0.100.v20110502-1955,"org.eclipse.equinox.p2.ui.sdk.scheduler",1323607235822
started,bundle,org.eclipse.equinox.p2.updatechecker,1.1.200.v20110502-1955,"org.eclipse.equinox.p2.updatechecker",1323607235823
started,bundle,org.eclipse.equinox.preferences,3.4.1.R37x_v20110725,"org.eclipse.equinox.preferences",1323607235824
started,bundle,org.eclipse.equinox.registry,3.5.101.R37x_v20110810-1611,"org.eclipse.equinox.registry",1323607235825
started,bundle,org.eclipse.equinox.security,1.1.1.R37x_v20110822-1018,"org.eclipse.equinox.security",1323607235828
started,bundle,org.eclipse.equinox.simpleconfigurator.manipulator,2.0.0.v20110502-1955,"org.eclipse.equinox.simpleconfigurator.manipulator",1323607235830
started,bundle,org.eclipse.equinox.util,1.0.300.v20110502,"org.eclipse.equinox.util",1323607235831
started,bundle,org.eclipse.help,3.5.100.v20110426,"org.eclipse.help",1323607235832
started,bundle,org.eclipse.jdt.core,3.7.1.v_B76_R37x,"org.eclipse.jdt.core",1323607235834
started,bundle,org.eclipse.jdt.core.manipulation,1.4.0.v20110505-0800,"org.eclipse.jdt.core.manipulation",1323607235835
started,bundle,org.eclipse.jdt.launching,3.6.1.v20110803_r371,"org.eclipse.jdt.launching",1323607235837
started,bundle,org.eclipse.jdt.ui,3.7.1.r371_v20110824-0800,"org.eclipse.jdt.ui",1323607235841
started,bundle,org.eclipse.jface,3.7.0.I20110522-1430,"org.eclipse.jface",1323607235842
started,bundle,org.eclipse.jsch.core,1.1.300.I20110514-0800,"org.eclipse.jsch.core",1323607235843
started,bundle,org.eclipse.jst.common.project.facet.core,1.4.200.v201103170302,"org.eclipse.jst.common.project.facet.core",1323607235843
started,bundle,org.eclipse.jst.ws.jaxrs.core,1.0.301.v201108240656,"org.eclipse.jst.ws.jaxrs.core",1323607235844
started,bundle,org.eclipse.jst.ws.jaxws.utils,1.0.0.v201004171919,"org.eclipse.jst.ws.jaxws.utils",1323607235844
started,bundle,org.eclipse.ltk.core.refactoring,3.5.201.r371_v20110824-0800,"org.eclipse.ltk.core.refactoring",1323607235845
started,bundle,org.eclipse.ltk.ui.refactoring,3.6.0.v20110505-0800,"org.eclipse.ltk.ui.refactoring",1323607235845
started,bundle,org.eclipse.mylyn.bugzilla.core,3.6.2.v20110903-0100,"org.eclipse.mylyn.bugzilla.core",1323607235846
started,bundle,org.eclipse.mylyn.bugzilla.ui,3.6.0.v20110608-1400,"org.eclipse.mylyn.bugzilla.ui",1323607235847
started,bundle,org.eclipse.mylyn.commons.identity,0.8.0.v20110608-1400,"org.eclipse.mylyn.commons.identity",1323607235848
started,bundle,org.eclipse.mylyn.commons.net,3.6.0.v20110608-1400,"org.eclipse.mylyn.commons.net",1323607235848
started,bundle,org.eclipse.mylyn.commons.ui,3.6.1.v20110720-0100,"org.eclipse.mylyn.commons.ui",1323607235848
started,bundle,org.eclipse.mylyn.context.core,3.6.1.v20110720-0100,"org.eclipse.mylyn.context.core",1323607235849
started,bundle,org.eclipse.mylyn.context.ui,3.6.0.v20110608-1400,"org.eclipse.mylyn.context.ui",1323607235850
started,bundle,org.eclipse.mylyn.monitor.ui,3.6.0.v20110608-1400,"org.eclipse.mylyn.monitor.ui",1323607235851
started,bundle,org.eclipse.mylyn.tasks.ui,3.6.2.v20110826-0100,"org.eclipse.mylyn.tasks.ui",1323607235853
started,bundle,org.eclipse.mylyn.team.ui,3.6.1.v20110825-0100,"org.eclipse.mylyn.team.ui",1323607235854
started,bundle,org.eclipse.pde.launching,3.6.0.v20110506,"org.eclipse.pde.launching",1323607235855
started,bundle,org.eclipse.pde.ui,3.6.100.v20110603,"org.eclipse.pde.ui",1323607235857
started,bundle,org.eclipse.search,3.7.0.v20110505-0800,"org.eclipse.search",1323607235858
started,bundle,org.eclipse.team.core,3.6.0.I20110525-0800,"org.eclipse.team.core",1323607235859
started,bundle,org.eclipse.team.cvs.core,3.3.400.I20110510-0800,"org.eclipse.team.cvs.core",1323607235859
started,bundle,org.eclipse.team.cvs.ui,3.3.400.I20110510-0800,"org.eclipse.team.cvs.ui",1323607235860
started,bundle,org.eclipse.team.ui,3.6.100.I20110525-0800,"org.eclipse.team.ui",1323607235861
started,bundle,org.eclipse.ui,3.7.0.I20110602-0100,"org.eclipse.ui",1323607235863
started,bundle,org.eclipse.ui.console,3.5.100.v20110511,"org.eclipse.ui.console",1323607235863
started,bundle,org.eclipse.ui.editors,3.7.0.v20110517-0800,"org.eclipse.ui.editors",1323607235864
started,bundle,org.eclipse.ui.forms,3.5.100.v20110425,"org.eclipse.ui.forms",1323607235865
started,bundle,org.eclipse.ui.ide,3.7.0.v20110809-1737,"org.eclipse.ui.ide",1323607235867
started,bundle,org.eclipse.ui.net,1.2.100.I20110511-0800,"org.eclipse.ui.net",1323607235868
started,bundle,org.eclipse.ui.views,3.6.0.I20110412-0800,"org.eclipse.ui.views",1323607235868
started,bundle,org.eclipse.ui.views.log,1.0.200.v20110404,"org.eclipse.ui.views.log",1323607235869
started,bundle,org.eclipse.ui.workbench,3.7.0.I20110519-0100,"org.eclipse.ui.workbench",1323607235870
started,bundle,org.eclipse.ui.workbench.texteditor,3.7.0.v20110505-0800,"org.eclipse.ui.workbench.texteditor",1323607235871
started,bundle,org.eclipse.update.configurator,3.3.100.v20100512,"org.eclipse.update.configurator",1323607235871
started,bundle,org.eclipse.update.core,3.2.500.v20110330,"org.eclipse.update.core",1323607235873
started,bundle,org.eclipse.update.scheduler,3.2.300.v20100512,"org.eclipse.update.scheduler",1323607235873
started,bundle,org.eclipse.wst.common.project.facet.core,1.4.200.v201103170332,"org.eclipse.wst.common.project.facet.core",1323607235873
started,bundle,org.eclipse.wst.sse.core,1.1.601.v201108151912,"org.eclipse.wst.sse.core",1323607235874
started,bundle,org.eclipse.wst.web,1.1.500.v201104251400,"org.eclipse.wst.web",1323607235875
started,bundle,com.android.ide.eclipse.adt,15.0.1.v201111031820-219398,"com.android.ide.eclipse.adt",1323607235875
started,bundle,com.android.ide.eclipse.ddms,15.0.1.v201111031820-219398,"com.android.ide.eclipse.ddms",1323607235875
started,bundle,com.android.ide.eclipse.traceview,15.0.1.v201111031820-219398,"com.android.ide.eclipse.traceview",1323607235875
started,bundle,webDevelopHelper,1.5,"webDevelopHelper",1323607235875
os,sysinfo,,,"win32",1323607235878
arch,sysinfo,,,"x86",1323607235878
ws,sysinfo,,,"win32",1323607235878
locale,sysinfo,,,"zh_CN",1323607235878
processors,sysinfo,,,"4",1323607235878
java.runtime.name,sysinfo,,,"Java(TM) SE Runtime Environment",1323607235878
java.runtime.version,sysinfo,,,"1.7.0_01-b08",1323607235878
java.specification.name,sysinfo,,,"Java Platform API Specification",1323607235878
java.specification.vendor,sysinfo,,,"Oracle Corporation",1323607235878
java.specification.version,sysinfo,,,"1.7",1323607235878
java.vendor,sysinfo,,,"Oracle Corporation",1323607235878
java.version,sysinfo,,,"1.7.0_01",1323607235878
java.vm.info,sysinfo,,,"mixed mode",1323607235878
java.vm.name,sysinfo,,,"Java HotSpot(TM) Client VM",1323607235878
java.vm.specification.name,sysinfo,,,"Java Virtual Machine Specification",1323607235878
java.vm.specification.vendor,sysinfo,,,"Oracle Corporation",1323607235878
java.vm.specification.version,sysinfo,,,"1.7",1323607235878
java.vm.vendor,sysinfo,,,"Oracle Corporation",1323607235878
java.vm.version,sysinfo,,,"21.1-b02",1323607235878
started,bundle,org.eclipse.jdt.apt.core,3.3.500.v20110420-1015,"org.eclipse.jdt.apt.core",1323607237773
opened,view,org.eclipse.ui.ide,3.7.0.v20110809-1737,"org.eclipse.ui.views.ProblemView",1323607239903
started,bundle,org.eclipse.gef,3.7.1.v20110830-1143,"org.eclipse.gef",1323607248872
started,bundle,org.eclipse.draw2d,3.7.1.v20110830-1143,"org.eclipse.draw2d",1323607248908
deactivated,workbench,org.eclipse.ui.workbench,3.7.0.I20110519-0100,"",1323607251769
activated,workbench,org.eclipse.ui.workbench,3.7.0.I20110519-0100,"",1323607251785
opened,view,webDevelopHelper,1.5,"testbox2.views.boxView",1323607252118
activated,view,webDevelopHelper,1.5,"testbox2.views.boxView",1323607252550
deactivated,workbench,org.eclipse.ui.workbench,3.7.0.I20110519-0100,"",1323607253462
activated,workbench,org.eclipse.ui.workbench,3.7.0.I20110519-0100,"",1323607256053
activated,view,org.eclipse.jdt.ui,3.7.1.r371_v20110824-0800,"org.eclipse.jdt.ui.PackageExplorer",1323607256059
activated,view,webDevelopHelper,1.5,"testbox2.views.boxView",1323607256813
closed,workbench,org.eclipse.ui.workbench,3.7.0.I20110519-0100,"",1323607283942
started,bundle,org.eclipse.compare.core,3.5.200.I20110208-0800,"org.eclipse.compare.core",1323607284245
started,bundle,org.eclipse.compare,3.5.201.R37x_v20110817-0800,"org.eclipse.compare",1323607284252
stopped,bundle,org.eclipse.jst.ws.axis.creation.ui,1.0.700.v201104070312,"org.eclipse.jst.ws.axis.creation.ui",1323607284426
stopped,bundle,org.eclipse.jst.ws.axis.consumption.ui,1.0.505.v201004211805,"org.eclipse.jst.ws.axis.consumption.ui",1323607284427
stopped,bundle,org.eclipse.jst.ws.axis.consumption.core,1.0.407.v201104071820,"org.eclipse.jst.ws.axis.consumption.core",1323607284428
stopped,bundle,org.eclipse.jst.ws.axis2.creation.ui,1.0.104.v201004211805,"org.eclipse.jst.ws.axis2.creation.ui",1323607284429
stopped,bundle,org.eclipse.jst.ws.axis2.consumption.ui,1.0.103.v201004211805,"org.eclipse.jst.ws.axis2.consumption.ui",1323607284430
stopped,bundle,org.eclipse.jst.ws.axis2.creation.core,1.0.106.v201004211805,"org.eclipse.jst.ws.axis2.creation.core",1323607284431
stopped,bundle,org.eclipse.jst.ws.axis2.consumption.core,1.0.105.v201004211805,"org.eclipse.jst.ws.axis2.consumption.core",1323607284432
stopped,bundle,org.eclipse.jst.ws.axis2.ui,1.0.303.v201003110431,"org.eclipse.jst.ws.axis2.ui",1323607284432
stopped,bundle,org.eclipse.jst.ws.axis2.core,1.0.204.v201004211805,"org.eclipse.jst.ws.axis2.core",1323607284433
stopped,bundle,org.eclipse.jst.ws.cxf.creation.ui,1.0.100.v201104022153,"org.eclipse.jst.ws.cxf.creation.ui",1323607284434
stopped,bundle,org.eclipse.jst.ws.creation.ui,1.0.609.v201103082016,"org.eclipse.jst.ws.creation.ui",1323607284435
activated,perspective,org.eclipse.jdt.ui,,"org.eclipse.jdt.ui.JavaPerspective",1324088797790
started,bundle,org.eclipse.osgi,3.7.1.R37x_v20110808-1106,"org.eclipse.osgi",1324088797806
started,bundle,org.eclipse.equinox.simpleconfigurator,1.0.200.v20110502-1955,"org.eclipse.equinox.simpleconfigurator",1324088797822
started,bundle,com.ibm.icu,4.4.2.v20110208,"com.ibm.icu",1324088797884
started,bundle,org.eclipse.core.contenttype,3.4.100.v20110423-0524,"org.eclipse.core.contenttype",1324088797900
started,bundle,org.eclipse.core.databinding.observable,1.4.0.I20110222-0800,"org.eclipse.core.databinding.observable",1324088797931
started,bundle,org.eclipse.core.expressions,3.4.300.v20110228,"org.eclipse.core.expressions",1324088797946
started,bundle,org.eclipse.core.filebuffers,3.5.200.v20110505-0800,"org.eclipse.core.filebuffers",1324088797962
started,bundle,org.eclipse.core.filesystem,1.3.100.v20110423-0524,"org.eclipse.core.filesystem",1324088797978
started,bundle,org.eclipse.core.jobs,3.5.100.v20110404,"org.eclipse.core.jobs",1324088797993
started,bundle,org.eclipse.core.net,1.2.100.I20110511-0800,"org.eclipse.core.net",1324088798009
started,bundle,org.eclipse.core.resources,3.7.100.v20110510-0712,"org.eclipse.core.resources",1324088798071
started,bundle,org.eclipse.core.runtime,3.7.0.v20110110,"org.eclipse.core.runtime",1324088798087
started,bundle,org.eclipse.core.runtime.compatibility,3.2.100.v20100505,"org.eclipse.core.runtime.compatibility",1324088798134
started,bundle,org.eclipse.core.runtime.compatibility.auth,3.2.200.v20110110,"org.eclipse.core.runtime.compatibility.auth",1324088798149
started,bundle,org.eclipse.debug.core,3.7.0.v20110518,"org.eclipse.debug.core",1324088798196
started,bundle,org.eclipse.draw2d,3.7.1.v20110830-1143,"org.eclipse.draw2d",1324088798243
started,bundle,org.eclipse.epp.mpc.ui,1.1.1.I20110907-0947,"org.eclipse.epp.mpc.ui",1324088798305
started,bundle,org.eclipse.epp.usagedata.gathering,1.3.1.R201106061540,"org.eclipse.epp.usagedata.gathering",1324088798321
started,bundle,org.eclipse.epp.usagedata.recording,1.3.1.R201106061540,"org.eclipse.epp.usagedata.recording",1324088798352
started,bundle,org.eclipse.equinox.app,1.3.100.v20110321,"org.eclipse.equinox.app",1324088798352
started,bundle,org.eclipse.equinox.common,3.6.0.v20110523,"org.eclipse.equinox.common",1324088798399
started,bundle,org.eclipse.equinox.ds,1.3.1.R37x_v20110701,"org.eclipse.equinox.ds",1324088798414
started,bundle,org.eclipse.equinox.event,1.2.100.v20110502,"org.eclipse.equinox.event",1324088798461
started,bundle,org.eclipse.equinox.p2.artifact.repository,1.1.101.R37x_v20110714,"org.eclipse.equinox.p2.artifact.repository",1324088798539
started,bundle,org.eclipse.equinox.p2.core,2.1.0.v20110502-1955,"org.eclipse.equinox.p2.core",1324088798539
started,bundle,org.eclipse.equinox.p2.director,2.1.0.v20110504-1715,"org.eclipse.equinox.p2.director",1324088798602
started,bundle,org.eclipse.equinox.p2.directorywatcher,1.0.300.v20110502-1955,"org.eclipse.equinox.p2.directorywatcher",1324088798617
started,bundle,org.eclipse.equinox.p2.engine,2.1.0.v20110511,"org.eclipse.equinox.p2.engine",1324088798711
started,bundle,org.eclipse.equinox.p2.extensionlocation,1.2.100.v20110510,"org.eclipse.equinox.p2.extensionlocation",1324088798789
started,bundle,org.eclipse.equinox.p2.metadata,2.1.0.v20110510,"org.eclipse.equinox.p2.metadata",1324088798820
started,bundle,org.eclipse.equinox.p2.metadata.repository,1.2.0.v20110511-1359,"org.eclipse.equinox.p2.metadata.repository",1324088798945
started,bundle,org.eclipse.equinox.p2.operations,2.1.0.v20110511-1821,"org.eclipse.equinox.p2.operations",1324088798992
started,bundle,org.eclipse.equinox.p2.publisher,1.2.0.v20110511,"org.eclipse.equinox.p2.publisher",1324088799085
started,bundle,org.eclipse.equinox.p2.reconciler.dropins,1.1.100.v20110510,"org.eclipse.equinox.p2.reconciler.dropins",1324088799132
started,bundle,org.eclipse.equinox.p2.repository,2.1.0.v20110601,"org.eclipse.equinox.p2.repository",1324088799272
started,bundle,org.eclipse.equinox.p2.touchpoint.eclipse,2.1.1.R37x_v20110815-0935,"org.eclipse.equinox.p2.touchpoint.eclipse",1324088799319
started,bundle,org.eclipse.equinox.p2.ui.sdk.scheduler,1.0.100.v20110502-1955,"org.eclipse.equinox.p2.ui.sdk.scheduler",1324088799350
started,bundle,org.eclipse.equinox.p2.updatechecker,1.1.200.v20110502-1955,"org.eclipse.equinox.p2.updatechecker",1324088799366
started,bundle,org.eclipse.equinox.preferences,3.4.1.R37x_v20110725,"org.eclipse.equinox.preferences",1324088799382
started,bundle,org.eclipse.equinox.registry,3.5.101.R37x_v20110810-1611,"org.eclipse.equinox.registry",1324088799475
started,bundle,org.eclipse.equinox.security,1.1.1.R37x_v20110822-1018,"org.eclipse.equinox.security",1324088799538
started,bundle,org.eclipse.equinox.util,1.0.300.v20110502,"org.eclipse.equinox.util",1324088799569
started,bundle,org.eclipse.gef,3.7.1.v20110830-1143,"org.eclipse.gef",1324088799584
started,bundle,org.eclipse.help,3.5.100.v20110426,"org.eclipse.help",1324088799631
started,bundle,org.eclipse.jdt.core,3.7.1.v_B76_R37x,"org.eclipse.jdt.core",1324088799694
started,bundle,org.eclipse.jdt.core.manipulation,1.4.0.v20110505-0800,"org.eclipse.jdt.core.manipulation",1324088799725
started,bundle,org.eclipse.jdt.launching,3.6.1.v20110803_r371,"org.eclipse.jdt.launching",1324088799787
started,bundle,org.eclipse.jdt.ui,3.7.1.r371_v20110824-0800,"org.eclipse.jdt.ui",1324088799850
started,bundle,org.eclipse.jface,3.7.0.I20110522-1430,"org.eclipse.jface",1324088799865
started,bundle,org.eclipse.jsch.core,1.1.300.I20110514-0800,"org.eclipse.jsch.core",1324088799896
started,bundle,org.eclipse.jst.ws.jaxws.utils,1.0.0.v201004171919,"org.eclipse.jst.ws.jaxws.utils",1324088799912
started,bundle,org.eclipse.mylyn.bugzilla.core,3.6.2.v20110903-0100,"org.eclipse.mylyn.bugzilla.core",1324088799943
started,bundle,org.eclipse.mylyn.bugzilla.ui,3.6.0.v20110608-1400,"org.eclipse.mylyn.bugzilla.ui",1324088799974
started,bundle,org.eclipse.mylyn.commons.identity,0.8.0.v20110608-1400,"org.eclipse.mylyn.commons.identity",1324088800021
started,bundle,org.eclipse.mylyn.commons.net,3.6.0.v20110608-1400,"org.eclipse.mylyn.commons.net",1324088800021
started,bundle,org.eclipse.mylyn.commons.ui,3.6.1.v20110720-0100,"org.eclipse.mylyn.commons.ui",1324088800037
started,bundle,org.eclipse.mylyn.context.core,3.6.1.v20110720-0100,"org.eclipse.mylyn.context.core",1324088800302
started,bundle,org.eclipse.mylyn.context.ui,3.6.0.v20110608-1400,"org.eclipse.mylyn.context.ui",1324088800364
started,bundle,org.eclipse.mylyn.monitor.ui,3.6.0.v20110608-1400,"org.eclipse.mylyn.monitor.ui",1324088800396
started,bundle,org.eclipse.mylyn.tasks.ui,3.6.2.v20110826-0100,"org.eclipse.mylyn.tasks.ui",1324088800474
started,bundle,org.eclipse.mylyn.team.ui,3.6.1.v20110825-0100,"org.eclipse.mylyn.team.ui",1324088800645
started,bundle,org.eclipse.pde.launching,3.6.0.v20110506,"org.eclipse.pde.launching",1324088800676
started,bundle,org.eclipse.pde.ui,3.6.100.v20110603,"org.eclipse.pde.ui",1324088800786
started,bundle,org.eclipse.search,3.7.0.v20110505-0800,"org.eclipse.search",1324088800864
started,bundle,org.eclipse.team.core,3.6.0.I20110525-0800,"org.eclipse.team.core",1324088800957
started,bundle,org.eclipse.team.cvs.core,3.3.400.I20110510-0800,"org.eclipse.team.cvs.core",1324088800988
started,bundle,org.eclipse.team.cvs.ui,3.3.400.I20110510-0800,"org.eclipse.team.cvs.ui",1324088801020
started,bundle,org.eclipse.team.ui,3.6.100.I20110525-0800,"org.eclipse.team.ui",1324088801035
started,bundle,org.eclipse.ui,3.7.0.I20110602-0100,"org.eclipse.ui",1324088801082
started,bundle,org.eclipse.ui.console,3.5.100.v20110511,"org.eclipse.ui.console",1324088801098
started,bundle,org.eclipse.ui.editors,3.7.0.v20110517-0800,"org.eclipse.ui.editors",1324088801113
started,bundle,org.eclipse.ui.forms,3.5.100.v20110425,"org.eclipse.ui.forms",1324088801129
started,bundle,org.eclipse.ui.ide,3.7.0.v20110809-1737,"org.eclipse.ui.ide",1324088801144
started,bundle,org.eclipse.ui.net,1.2.100.I20110511-0800,"org.eclipse.ui.net",1324088801160
started,bundle,org.eclipse.ui.views,3.6.0.I20110412-0800,"org.eclipse.ui.views",1324088801176
started,bundle,org.eclipse.ui.views.log,1.0.200.v20110404,"org.eclipse.ui.views.log",1324088801238
started,bundle,org.eclipse.ui.workbench,3.7.0.I20110519-0100,"org.eclipse.ui.workbench",1324088801254
started,bundle,org.eclipse.ui.workbench.texteditor,3.7.0.v20110505-0800,"org.eclipse.ui.workbench.texteditor",1324088801316
started,bundle,org.eclipse.update.configurator,3.3.100.v20100512,"org.eclipse.update.configurator",1324088801347
started,bundle,org.eclipse.update.core,3.2.500.v20110330,"org.eclipse.update.core",1324088801456
started,bundle,org.eclipse.update.scheduler,3.2.300.v20100512,"org.eclipse.update.scheduler",1324088801488
started,bundle,org.eclipse.wst.common.project.facet.core,1.4.200.v201103170332,"org.eclipse.wst.common.project.facet.core",1324088801534
started,bundle,org.eclipse.wst.sse.core,1.1.601.v201108151912,"org.eclipse.wst.sse.core",1324088801566
started,bundle,org.eclipse.wst.web,1.1.500.v201104251400,"org.eclipse.wst.web",1324088801597
started,bundle,com.android.ide.eclipse.ddms,15.0.1.v201111031820-219398,"com.android.ide.eclipse.ddms",1324088801628
started,bundle,webDevelopHelper,1.5,"webDevelopHelper",1324088801628
os,sysinfo,,,"win32",1324088801628
arch,sysinfo,,,"x86",1324088801628
ws,sysinfo,,,"win32",1324088801628
locale,sysinfo,,,"zh_CN",1324088801628
processors,sysinfo,,,"4",1324088801628
java.runtime.name,sysinfo,,,"Java(TM) SE Runtime Environment",1324088801628
java.runtime.version,sysinfo,,,"1.7.0_01-b08",1324088801628
java.specification.name,sysinfo,,,"Java Platform API Specification",1324088801628
java.specification.vendor,sysinfo,,,"Oracle Corporation",1324088801628
java.specification.version,sysinfo,,,"1.7",1324088801628
java.vendor,sysinfo,,,"Oracle Corporation",1324088801628
java.version,sysinfo,,,"1.7.0_01",1324088801628
java.vm.info,sysinfo,,,"mixed mode",1324088801628
java.vm.name,sysinfo,,,"Java HotSpot(TM) Client VM",1324088801628
java.vm.specification.name,sysinfo,,,"Java Virtual Machine Specification",1324088801628
java.vm.specification.vendor,sysinfo,,,"Oracle Corporation",1324088801628
java.vm.specification.version,sysinfo,,,"1.7",1324088801628
java.vm.vendor,sysinfo,,,"Oracle Corporation",1324088801628
java.vm.version,sysinfo,,,"21.1-b02",1324088801628
started,bundle,org.eclipse.emf.ecore.xmi,2.7.0.v20110520-1406,"org.eclipse.emf.ecore.xmi",1324088802080
started,bundle,org.eclipse.jst.common.project.facet.core,1.4.200.v201103170302,"org.eclipse.jst.common.project.facet.core",1324088802673
started,bundle,org.eclipse.jst.ws.jaxrs.core,1.0.301.v201108240656,"org.eclipse.jst.ws.jaxrs.core",1324088802720
opened,view,org.eclipse.ui.ide,3.7.0.v20110809-1737,"org.eclipse.ui.views.ProblemView",1324088802798
started,bundle,org.eclipse.epp.usagedata.ui,1.3.1.R201106061540,"org.eclipse.epp.usagedata.ui",1324088802814
started,bundle,com.android.ide.eclipse.adt,15.0.1.v201111031820-219398,"com.android.ide.eclipse.adt",1324088803188
deactivated,workbench,org.eclipse.ui.workbench,3.7.0.I20110519-0100,"",1324088804389
started,bundle,org.eclipse.ltk.core.refactoring,3.5.201.r371_v20110824-0800,"org.eclipse.ltk.core.refactoring",1324088804670
started,bundle,org.eclipse.ltk.ui.refactoring,3.6.0.v20110505-0800,"org.eclipse.ltk.ui.refactoring",1324088804701
started,bundle,org.eclipse.jdt.apt.core,3.3.500.v20110420-1015,"org.eclipse.jdt.apt.core",1324088808008
started,bundle,com.android.ide.eclipse.traceview,15.0.1.v201111031820-219398,"com.android.ide.eclipse.traceview",1324088808414
activated,workbench,org.eclipse.ui.workbench,3.7.0.I20110519-0100,"",1324088813500
activated,view,org.eclipse.jdt.ui,3.7.1.r371_v20110824-0800,"org.eclipse.jdt.ui.PackageExplorer",1324088815925
started,bundle,org.eclipse.jpt.common.core,1.0.1.v201108080010,"org.eclipse.jpt.common.core",1324088816736
started,bundle,org.eclipse.jpt.jpa.core,3.0.1.v201109073010,"org.eclipse.jpt.jpa.core",1324088816845
deactivated,workbench,org.eclipse.ui.workbench,3.7.0.I20110519-0100,"",1324088821244
activated,workbench,org.eclipse.ui.workbench,3.7.0.I20110519-0100,"",1324088974330
deactivated,workbench,org.eclipse.ui.workbench,3.7.0.I20110519-0100,"",1324088974983
activated,workbench,org.eclipse.ui.workbench,3.7.0.I20110519-0100,"",1324090202466
